name	type	units	low_cutoff	high_cutoff	sampling_frequency
O1	SEEG	muV	n/a	n/a	499.998305084746
O2	SEEG	muV	n/a	n/a	499.998305084746
O3	SEEG	muV	n/a	n/a	499.998305084746
O4	SEEG	muV	n/a	n/a	499.998305084746
O5	SEEG	muV	n/a	n/a	499.998305084746
O6	SEEG	muV	n/a	n/a	499.998305084746
O7	SEEG	muV	n/a	n/a	499.998305084746
O8	SEEG	muV	n/a	n/a	499.998305084746
O9	SEEG	muV	n/a	n/a	499.998305084746
O10	SEEG	muV	n/a	n/a	499.998305084746
O11	SEEG	muV	n/a	n/a	499.998305084746
O12	SEEG	muV	n/a	n/a	499.998305084746
O13	SEEG	muV	n/a	n/a	499.998305084746
O14	SEEG	muV	n/a	n/a	499.998305084746
O15	SEEG	muV	n/a	n/a	499.998305084746
AC1	SEEG	muV	n/a	n/a	499.998305084746
AC2	SEEG	muV	n/a	n/a	499.998305084746
AC3	SEEG	muV	n/a	n/a	499.998305084746
AC4	SEEG	muV	n/a	n/a	499.998305084746
AC5	SEEG	muV	n/a	n/a	499.998305084746
AC6	SEEG	muV	n/a	n/a	499.998305084746
AC7	SEEG	muV	n/a	n/a	499.998305084746
AC8	SEEG	muV	n/a	n/a	499.998305084746
AC9	SEEG	muV	n/a	n/a	499.998305084746
AC10	SEEG	muV	n/a	n/a	499.998305084746
AC11	SEEG	muV	n/a	n/a	499.998305084746
AC12	SEEG	muV	n/a	n/a	499.998305084746
AC13	SEEG	muV	n/a	n/a	499.998305084746
AC14	SEEG	muV	n/a	n/a	499.998305084746
AC15	SEEG	muV	n/a	n/a	499.998305084746
A1	SEEG	muV	n/a	n/a	499.998305084746
A2	SEEG	muV	n/a	n/a	499.998305084746
A3	SEEG	muV	n/a	n/a	499.998305084746
A4	SEEG	muV	n/a	n/a	499.998305084746
A5	SEEG	muV	n/a	n/a	499.998305084746
A6	SEEG	muV	n/a	n/a	499.998305084746
A7	SEEG	muV	n/a	n/a	499.998305084746
A8	SEEG	muV	n/a	n/a	499.998305084746
A9	SEEG	muV	n/a	n/a	499.998305084746
A10	SEEG	muV	n/a	n/a	499.998305084746
A11	SEEG	muV	n/a	n/a	499.998305084746
A12	SEEG	muV	n/a	n/a	499.998305084746
A13	SEEG	muV	n/a	n/a	499.998305084746
A14	SEEG	muV	n/a	n/a	499.998305084746
A15	SEEG	muV	n/a	n/a	499.998305084746
B1	SEEG	muV	n/a	n/a	499.998305084746
B2	SEEG	muV	n/a	n/a	499.998305084746
B3	SEEG	muV	n/a	n/a	499.998305084746
B4	SEEG	muV	n/a	n/a	499.998305084746
B5	SEEG	muV	n/a	n/a	499.998305084746
B6	SEEG	muV	n/a	n/a	499.998305084746
B7	SEEG	muV	n/a	n/a	499.998305084746
B8	SEEG	muV	n/a	n/a	499.998305084746
B9	SEEG	muV	n/a	n/a	499.998305084746
B10	SEEG	muV	n/a	n/a	499.998305084746
B11	SEEG	muV	n/a	n/a	499.998305084746
B12	SEEG	muV	n/a	n/a	499.998305084746
B13	SEEG	muV	n/a	n/a	499.998305084746
B14	SEEG	muV	n/a	n/a	499.998305084746
B15	SEEG	muV	n/a	n/a	499.998305084746
W1	SEEG	muV	n/a	n/a	499.998305084746
W2	SEEG	muV	n/a	n/a	499.998305084746
W3	SEEG	muV	n/a	n/a	499.998305084746
W4	SEEG	muV	n/a	n/a	499.998305084746
W5	SEEG	muV	n/a	n/a	499.998305084746
W6	SEEG	muV	n/a	n/a	499.998305084746
W7	SEEG	muV	n/a	n/a	499.998305084746
W8	SEEG	muV	n/a	n/a	499.998305084746
W9	SEEG	muV	n/a	n/a	499.998305084746
W10	SEEG	muV	n/a	n/a	499.998305084746
W11	SEEG	muV	n/a	n/a	499.998305084746
W12	SEEG	muV	n/a	n/a	499.998305084746
W13	SEEG	muV	n/a	n/a	499.998305084746
W14	SEEG	muV	n/a	n/a	499.998305084746
W15	SEEG	muV	n/a	n/a	499.998305084746
T1	SEEG	muV	n/a	n/a	499.998305084746
T2	SEEG	muV	n/a	n/a	499.998305084746
T3	SEEG	muV	n/a	n/a	499.998305084746
T4	SEEG	muV	n/a	n/a	499.998305084746
T5	SEEG	muV	n/a	n/a	499.998305084746
T6	SEEG	muV	n/a	n/a	499.998305084746
T7	SEEG	muV	n/a	n/a	499.998305084746
T8	SEEG	muV	n/a	n/a	499.998305084746
T9	SEEG	muV	n/a	n/a	499.998305084746
T10	SEEG	muV	n/a	n/a	499.998305084746
T11	SEEG	muV	n/a	n/a	499.998305084746
T12	SEEG	muV	n/a	n/a	499.998305084746
T13	SEEG	muV	n/a	n/a	499.998305084746
T14	SEEG	muV	n/a	n/a	499.998305084746
T15	SEEG	muV	n/a	n/a	499.998305084746
X1	SEEG	muV	n/a	n/a	499.998305084746
X2	SEEG	muV	n/a	n/a	499.998305084746
X3	SEEG	muV	n/a	n/a	499.998305084746
X4	SEEG	muV	n/a	n/a	499.998305084746
X5	SEEG	muV	n/a	n/a	499.998305084746
X6	SEEG	muV	n/a	n/a	499.998305084746
X7	SEEG	muV	n/a	n/a	499.998305084746
X8	SEEG	muV	n/a	n/a	499.998305084746
X9	SEEG	muV	n/a	n/a	499.998305084746
X10	SEEG	muV	n/a	n/a	499.998305084746
X11	SEEG	muV	n/a	n/a	499.998305084746
X12	SEEG	muV	n/a	n/a	499.998305084746
X13	SEEG	muV	n/a	n/a	499.998305084746
X14	SEEG	muV	n/a	n/a	499.998305084746
X15	SEEG	muV	n/a	n/a	499.998305084746
Z1	SEEG	muV	n/a	n/a	499.998305084746
Z2	SEEG	muV	n/a	n/a	499.998305084746
Z3	SEEG	muV	n/a	n/a	499.998305084746
Z4	SEEG	muV	n/a	n/a	499.998305084746
Z5	SEEG	muV	n/a	n/a	499.998305084746
Z6	SEEG	muV	n/a	n/a	499.998305084746
Z7	SEEG	muV	n/a	n/a	499.998305084746
Z8	SEEG	muV	n/a	n/a	499.998305084746
Z9	SEEG	muV	n/a	n/a	499.998305084746
Z10	SEEG	muV	n/a	n/a	499.998305084746
Z11	SEEG	muV	n/a	n/a	499.998305084746
Z12	SEEG	muV	n/a	n/a	499.998305084746
Z13	SEEG	muV	n/a	n/a	499.998305084746
Z14	SEEG	muV	n/a	n/a	499.998305084746
Z15	SEEG	muV	n/a	n/a	499.998305084746
F1	SEEG	muV	n/a	n/a	499.998305084746
F2	SEEG	muV	n/a	n/a	499.998305084746
F3	SEEG	muV	n/a	n/a	499.998305084746
F4	SEEG	muV	n/a	n/a	499.998305084746
F5	SEEG	muV	n/a	n/a	499.998305084746
F6	SEEG	muV	n/a	n/a	499.998305084746
F7	SEEG	muV	n/a	n/a	499.998305084746
F8	SEEG	muV	n/a	n/a	499.998305084746
F9	SEEG	muV	n/a	n/a	499.998305084746
F10	SEEG	muV	n/a	n/a	499.998305084746
F11	SEEG	muV	n/a	n/a	499.998305084746
F12	SEEG	muV	n/a	n/a	499.998305084746
J1	SEEG	muV	n/a	n/a	499.998305084746
J2	SEEG	muV	n/a	n/a	499.998305084746
J3	SEEG	muV	n/a	n/a	499.998305084746
J4	SEEG	muV	n/a	n/a	499.998305084746
J5	SEEG	muV	n/a	n/a	499.998305084746
J6	SEEG	muV	n/a	n/a	499.998305084746
J7	SEEG	muV	n/a	n/a	499.998305084746
J8	SEEG	muV	n/a	n/a	499.998305084746
J9	SEEG	muV	n/a	n/a	499.998305084746
J10	SEEG	muV	n/a	n/a	499.998305084746
J11	SEEG	muV	n/a	n/a	499.998305084746
J12	SEEG	muV	n/a	n/a	499.998305084746
D1	SEEG	muV	n/a	n/a	499.998305084746
D2	SEEG	muV	n/a	n/a	499.998305084746
D3	SEEG	muV	n/a	n/a	499.998305084746
D4	SEEG	muV	n/a	n/a	499.998305084746
D5	SEEG	muV	n/a	n/a	499.998305084746
D6	SEEG	muV	n/a	n/a	499.998305084746
D7	SEEG	muV	n/a	n/a	499.998305084746
D8	SEEG	muV	n/a	n/a	499.998305084746
D9	SEEG	muV	n/a	n/a	499.998305084746
D10	SEEG	muV	n/a	n/a	499.998305084746
D11	SEEG	muV	n/a	n/a	499.998305084746
D12	SEEG	muV	n/a	n/a	499.998305084746
L1	SEEG	muV	n/a	n/a	499.998305084746
L2	SEEG	muV	n/a	n/a	499.998305084746
L3	SEEG	muV	n/a	n/a	499.998305084746
L4	SEEG	muV	n/a	n/a	499.998305084746
L5	SEEG	muV	n/a	n/a	499.998305084746
L6	SEEG	muV	n/a	n/a	499.998305084746
L7	SEEG	muV	n/a	n/a	499.998305084746
L8	SEEG	muV	n/a	n/a	499.998305084746
L9	SEEG	muV	n/a	n/a	499.998305084746
L10	SEEG	muV	n/a	n/a	499.998305084746
L11	SEEG	muV	n/a	n/a	499.998305084746
L12	SEEG	muV	n/a	n/a	499.998305084746
